{
    "SANTANDER_sentido_1": {
        "RMSE": 9.209471183476026,
        "MAE": 7.667959624723528
    },
    "SANTANDER_sentido_2": {
        "RMSE": 0.7860467454984671,
        "MAE": 0.23322059004966172
    },
    "AGUAS VIVAS_sentido_1": {
        "RMSE": 4.3242584942301665,
        "MAE": 2.6930021459572386
    },
    "AGUAS VIVAS_sentido_2": {
        "RMSE": 0.6529051808225038,
        "MAE": 0.056936809362784356
    },
    "PRADERA 27_sentido_1": {
        "RMSE": 13.239226093234475,
        "MAE": 11.279023269564858
    },
    "PRADERA 27_sentido_2": {
        "RMSE": 1.4906921548182455,
        "MAE": 0.692378824826618
    },
    "MOGAMBO 22_sentido_1": {
        "RMSE": 7.694839668198756,
        "MAE": 6.295679205774266
    },
    "MOGAMBO 22_sentido_2": {
        "RMSE": 0.7666723918342233,
        "MAE": 0.32671345446821853
    },
    "Especial_sentido_1": {
        "RMSE": 11.307018608786134,
        "MAE": 4.184585750625651
    },
    "Especial_sentido_2": {
        "RMSE": 0.5237892242271658,
        "MAE": 0.05214089592765869
    },
    "6 DE MARZO_sentido_1": {
        "RMSE": 3.26461252451522,
        "MAE": 2.574344583744538
    },
    "6 DE MARZO_sentido_2": {
        "RMSE": 0.246989577090518,
        "MAE": 0.05021225108824254
    },
    "CA\u00d1O VIEJO_sentido_1": {
        "RMSE": 1.6377432359281814,
        "MAE": 0.8004292945003479
    },
    "CA\u00d1O VIEJO_sentido_2": {
        "RMSE": 0.1873425489596369,
        "MAE": 0.024623824641477665
    },
    "KM 15_sentido_1": {
        "RMSE": 3.6542140587861005,
        "MAE": 2.346264408063019
    },
    "KM 15_sentido_2": {
        "RMSE": 0.7173436030889024,
        "MAE": 0.17769293141921447
    },
    "Auditorias RE_sentido_1": {
        "RMSE": 7.75095132773841,
        "MAE": 1.8628358346386333
    },
    "KM30_sentido_1": {
        "RMSE": 4.565565824669743,
        "MAE": 3.103998302057031
    },
    "KM30_sentido_2": {
        "RMSE": 0.2138962969572469,
        "MAE": 0.03706770910529262
    },
    "LETICIA_sentido_1": {
        "RMSE": 1.0772071934859948,
        "MAE": 0.6284063069828212
    },
    "CARRIZAL_sentido_1": {
        "RMSE": 3.226527821586242,
        "MAE": 1.8542739307042622
    },
    "CARRIZAL_sentido_2": {
        "RMSE": 0.31333844721152015,
        "MAE": 0.024892892339051655
    },
    "TAMBO CIRCUNVALAR_sentido_1": {
        "RMSE": 5.493815370939025,
        "MAE": 4.586846650956366
    },
    "TAMBO CIRCUNVALAR_sentido_2": {
        "RMSE": 0.31719620827857253,
        "MAE": 0.07112284526523899
    },
    "DORADO_sentido_1": {
        "RMSE": 4.72743816398443,
        "MAE": 3.9513072175008968
    },
    "DORADO_sentido_2": {
        "RMSE": 0.25363919084563424,
        "MAE": 0.1037343402269677
    },
    "PANZENU_sentido_1": {
        "RMSE": 8.923383077771085,
        "MAE": 7.269067860153128
    },
    "PANZENU_sentido_2": {
        "RMSE": 0.4598657983172735,
        "MAE": 0.1923232600355383
    },
    "RANCHO GRANDE_sentido_1": {
        "RMSE": 0.9671887530304966,
        "MAE": 0.7628553849913071
    },
    "Furatena_sentido_1": {
        "RMSE": 0.2454816860673136,
        "MAE": 0.1461011476051814
    },
    "SANTA LUCIA_sentido_1": {
        "RMSE": 1.7697033816009768,
        "MAE": 0.9581371695058161
    },
    "SANTA LUCIA_sentido_2": {
        "RMSE": 0.39104963357301414,
        "MAE": 0.10745080680397026
    },
    "TERMINAL - AEROPUERTO_sentido_1": {
        "RMSE": 0.604766668982335,
        "MAE": 0.2528713986245068
    },
    "TERMINAL - AEROPUERTO_sentido_2": {
        "RMSE": 0.1102806422526531,
        "MAE": 0.012191475752564802
    },
    "SABANAL_sentido_1": {
        "RMSE": 0.17730435835742167,
        "MAE": 0.04111508624983991
    }
}